source,target
Sun,Sun
Sun,Gl-551
Sun,Gl-559B
Sun,Gl-559A
Sun,Gl-729
Sun,Gl-65A
Sun,Gl-244B
Sun,Gl-244A
Sun,Gl-699
Sun,Gl-406
Sun,Gl-411
GJ-1123,GJ-1123
GJ-1123,Gl-231
GJ-1123,GJ-1128
GJ-1123,Gl-293
Gl-19,Gl-19
Gl-19,Gl-877
Gl-19,Gl-54
Gl-19,Gl-780
Gl-19,Gl-17
Gl-19,Gl-66B
Gl-19,Gl-66A
Gl-877,Gl-19
Gl-877,Gl-877
Gl-877,Gl-54
Gl-877,Gl-827
Gl-877,Gl-17
Gl-231,GJ-1123
Gl-231,Gl-231
Gl-231,Gl-293
GJ-1128,GJ-1123
GJ-1128,GJ-1128
GJ-1128,Gl-293
GJ-1128,Gl-440
GJ-1128,NN-3618
Gl-293,GJ-1123
Gl-293,Gl-231
Gl-293,GJ-1128
Gl-293,Gl-293
Gl-293,NN-3618
Gl-54,Gl-19
Gl-54,Gl-877
Gl-54,Gl-54
Gl-54,Gl-17
Gl-54,Gl-66B
Gl-54,Gl-66A
Gl-780,Gl-19
Gl-780,Gl-780
Gl-780,Gl-693
Gl-780,Gl-845
Gl-780,Gl-832
Gl-780,Gl-674
Gl-780,Gl-754
Gl-780,Gl-784
Gl-780,Gl-682
Gl-780,Gl-825
Gl-780,Gl-783A
Gl-827,Gl-877
Gl-827,Gl-827
Gl-827,Gl-17
Gl-17,Gl-19
Gl-17,Gl-877
Gl-17,Gl-54
Gl-17,Gl-827
Gl-17,Gl-17
Gl-17,Gl-66B
Gl-17,Gl-66A
Gl-17,Gl-915
Gl-440,GJ-1128
Gl-440,Gl-440
Gl-440,NN-3618
Gl-551,Sun
Gl-551,Gl-551
Gl-551,Gl-559B
Gl-551,Gl-559A
Gl-551,Gl-845
Gl-551,Gl-729
Gl-551,Gl-244B
Gl-551,Gl-244A
Gl-551,Gl-699
Gl-551,Gl-406
NN-3618,GJ-1128
NN-3618,Gl-293
NN-3618,Gl-440
NN-3618,NN-3618
Gl-559B,Sun
Gl-559B,Gl-551
Gl-559B,Gl-559B
Gl-559B,Gl-559A
Gl-559B,Gl-845
Gl-559B,Gl-729
Gl-559B,Gl-244B
Gl-559B,Gl-244A
Gl-559B,Gl-699
Gl-559B,Gl-406
Gl-559A,Sun
Gl-559A,Gl-551
Gl-559A,Gl-559B
Gl-559A,Gl-559A
Gl-559A,Gl-845
Gl-559A,Gl-729
Gl-559A,Gl-244B
Gl-559A,Gl-244A
Gl-559A,Gl-699
Gl-559A,Gl-406
Gl-693,Gl-780
Gl-693,Gl-693
Gl-693,Gl-674
Gl-693,Gl-666B
Gl-693,Gl-666A
Gl-693,Gl-754
Gl-693,Gl-784
Gl-693,Gl-682
Gl-693,Gl-588
Gl-693,Gl-667C
Gl-693,Gl-667A
Gl-845,Gl-780
Gl-845,Gl-551
Gl-845,Gl-559B
Gl-845,Gl-559A
Gl-845,Gl-845
Gl-845,Gl-832
Gl-845,Gl-674
Gl-845,Gl-754
Gl-845,Gl-825
Gl-845,Gl-1
Gl-845,Gl-783A
Gl-845,Gl-887
Gl-845,Gl-729
Gl-845,Gl-65A
Gl-845,Gl-866AB
Gl-66B,Gl-19
Gl-66B,Gl-54
Gl-66B,Gl-17
Gl-66B,Gl-66B
Gl-66B,Gl-66A
Gl-66B,Gl-915
Gl-66B,Gl-139
Gl-66A,Gl-19
Gl-66A,Gl-54
Gl-66A,Gl-17
Gl-66A,Gl-66B
Gl-66A,Gl-66A
Gl-66A,Gl-915
Gl-66A,Gl-139
Gl-479,Gl-479
Gl-479,Gl-438
Gl-479,NN-3737
Gl-438,Gl-479
Gl-438,Gl-438
Gl-438,NN-3737
Gl-832,Gl-780
Gl-832,Gl-845
Gl-832,Gl-832
Gl-832,Gl-754
Gl-832,Gl-784
Gl-832,Gl-825
Gl-832,Gl-1
Gl-832,Gl-783A
Gl-832,Gl-887
Gl-832,Gl-881
Gl-832,Gl-866AB
GJ-2034,GJ-2034
GJ-2034,Gl-139
Gl-674,Gl-780
Gl-674,Gl-693
Gl-674,Gl-845
Gl-674,Gl-674
Gl-674,Gl-666B
Gl-674,Gl-666A
Gl-674,Gl-754
Gl-674,Gl-784
Gl-674,Gl-682
Gl-674,Gl-588
Gl-674,Gl-783A
Gl-674,Gl-667C
Gl-674,Gl-667A
Gl-674,Gl-663B
Gl-674,Gl-663A
Gl-674,Gl-664
Gl-674,Gl-729
Gl-674,Gl-628
Gl-666B,Gl-693
Gl-666B,Gl-674
Gl-666B,Gl-666B
Gl-666B,Gl-666A
Gl-666B,Gl-754
Gl-666B,Gl-682
Gl-666B,Gl-588
Gl-666B,Gl-618B
Gl-666B,Gl-618A
Gl-666B,Gl-667C
Gl-666B,Gl-667A
Gl-666A,Gl-693
Gl-666A,Gl-674
Gl-666A,Gl-666B
Gl-666A,Gl-666A
Gl-666A,Gl-754
Gl-666A,Gl-682
Gl-666A,Gl-588
Gl-666A,Gl-618B
Gl-666A,Gl-618A
Gl-666A,Gl-667C
Gl-666A,Gl-667A
Gl-367,Gl-367
Gl-367,Gl-318
Gl-754,Gl-780
Gl-754,Gl-693
Gl-754,Gl-845
Gl-754,Gl-832
Gl-754,Gl-674
Gl-754,Gl-666B
Gl-754,Gl-666A
Gl-754,Gl-754
Gl-754,Gl-784
Gl-754,Gl-682
Gl-754,Gl-825
Gl-754,Gl-783A
Gl-754,Gl-663B
Gl-754,Gl-663A
Gl-754,Gl-664
Gl-784,Gl-780
Gl-784,Gl-693
Gl-784,Gl-832
Gl-784,Gl-674
Gl-784,Gl-754
Gl-784,Gl-784
Gl-784,Gl-682
Gl-784,Gl-825
Gl-784,Gl-783A
Gl-784,Gl-799A
Gl-191,Gl-191
Gl-191,GJ-1061
Gl-191,Gl-139
Gl-191,Gl-229
Gl-191,Gl-65A
Gl-191,Gl-244B
Gl-191,Gl-244A
Gl-191,Gl-144
Gl-191,Gl-166C
Gl-191,Gl-166B
Gl-191,Gl-166A
GJ-1061,Gl-191
GJ-1061,GJ-1061
GJ-1061,Gl-139
GJ-1061,Gl-1
GJ-1061,Gl-65A
GJ-1061,Gl-54.1
GJ-1061,Gl-71
GJ-1061,Gl-144
GJ-1061,Gl-166C
GJ-1061,Gl-166B
GJ-1061,Gl-166A
Gl-682,Gl-780
Gl-682,Gl-693
Gl-682,Gl-674
Gl-682,Gl-666B
Gl-682,Gl-666A
Gl-682,Gl-754
Gl-682,Gl-784
Gl-682,Gl-682
Gl-682,Gl-588
Gl-682,Gl-783A
Gl-682,Gl-667C
Gl-682,Gl-667A
Gl-682,Gl-663B
Gl-682,Gl-663A
Gl-682,Gl-664
Gl-682,Gl-729
Gl-682,Gl-628
Gl-257A,Gl-257A
Gl-915,Gl-17
Gl-915,Gl-66B
Gl-915,Gl-66A
Gl-915,Gl-915
Gl-915,Gl-879
Gl-915,Gl-881
Gl-139,Gl-66B
Gl-139,Gl-66A
Gl-139,GJ-2034
Gl-139,Gl-191
Gl-139,GJ-1061
Gl-139,Gl-139
Gl-588,Gl-693
Gl-588,Gl-674
Gl-588,Gl-666B
Gl-588,Gl-666A
Gl-588,Gl-682
Gl-588,Gl-588
Gl-588,Gl-618B
Gl-588,Gl-618A
Gl-588,Gl-667C
Gl-588,Gl-667A
Gl-588,NN-3877
Gl-588,Gl-663B
Gl-588,Gl-663A
Gl-588,Gl-664
Gl-588,Gl-570A
Gl-588,Gl-570B
Gl-825,Gl-780
Gl-825,Gl-845
Gl-825,Gl-832
Gl-825,Gl-754
Gl-825,Gl-784
Gl-825,Gl-825
Gl-825,Gl-1
Gl-825,Gl-783A
Gl-825,Gl-887
Gl-825,Gl-729
Gl-825,Gl-866AB
Gl-825,Gl-876
NN-3737,Gl-479
NN-3737,Gl-438
NN-3737,NN-3737
Gl-618B,Gl-666B
Gl-618B,Gl-666A
Gl-618B,Gl-588
Gl-618B,Gl-618B
Gl-618B,Gl-618A
Gl-618B,Gl-667C
Gl-618B,Gl-667A
Gl-618B,NN-3877
Gl-618B,Gl-663B
Gl-618B,Gl-663A
Gl-618B,Gl-664
Gl-618A,Gl-666B
Gl-618A,Gl-666A
Gl-618A,Gl-588
Gl-618A,Gl-618B
Gl-618A,Gl-618A
Gl-618A,Gl-667C
Gl-618A,Gl-667A
Gl-618A,NN-3877
Gl-618A,Gl-663B
Gl-618A,Gl-663A
Gl-618A,Gl-664
Gl-1,Gl-845
Gl-1,Gl-832
Gl-1,GJ-1061
Gl-1,Gl-825
Gl-1,Gl-1
Gl-1,Gl-887
Gl-1,Gl-881
Gl-1,Gl-65A
Gl-1,Gl-54.1
Gl-1,GJ-1005AB
Gl-1,Gl-71
Gl-1,Gl-866AB
Gl-1,Gl-876
Gl-1,GJ-1002
Gl-783A,Gl-780
Gl-783A,Gl-845
Gl-783A,Gl-832
Gl-783A,Gl-674
Gl-783A,Gl-754
Gl-783A,Gl-784
Gl-783A,Gl-682
Gl-783A,Gl-825
Gl-783A,Gl-783A
Gl-783A,Gl-799A
Gl-887,Gl-845
Gl-887,Gl-832
Gl-887,Gl-825
Gl-887,Gl-1
Gl-887,Gl-887
Gl-887,Gl-881
Gl-887,Gl-729
Gl-887,Gl-65A
Gl-887,Gl-54.1
Gl-887,GJ-1005AB
Gl-887,Gl-71
Gl-887,Gl-866AB
Gl-887,Gl-876
Gl-887,GJ-1002
Gl-667C,Gl-693
Gl-667C,Gl-674
Gl-667C,Gl-666B
Gl-667C,Gl-666A
Gl-667C,Gl-682
Gl-667C,Gl-588
Gl-667C,Gl-618B
Gl-667C,Gl-618A
Gl-667C,Gl-667C
Gl-667C,Gl-667A
Gl-667C,Gl-663B
Gl-667C,Gl-663A
Gl-667C,Gl-664
Gl-667C,GJ-1224
Gl-667A,Gl-693
Gl-667A,Gl-674
Gl-667A,Gl-666B
Gl-667A,Gl-666A
Gl-667A,Gl-682
Gl-667A,Gl-588
Gl-667A,Gl-618B
Gl-667A,Gl-618A
Gl-667A,Gl-667C
Gl-667A,Gl-667A
Gl-667A,Gl-663B
Gl-667A,Gl-663A
Gl-667A,Gl-664
Gl-667A,GJ-1224
Gl-318,Gl-367
Gl-318,Gl-318
Gl-318,Gl-357
Gl-799A,Gl-784
Gl-799A,Gl-783A
Gl-799A,Gl-799A
Gl-799A,Gl-785
Gl-879,Gl-915
Gl-879,Gl-879
Gl-879,Gl-881
Gl-879,Gl-884
Gl-879,Gl-867B
Gl-879,Gl-867A
Gl-879,NN-4274
Gl-881,Gl-832
Gl-881,Gl-915
Gl-881,Gl-1
Gl-881,Gl-887
Gl-881,Gl-879
Gl-881,Gl-881
Gl-881,Gl-884
Gl-881,Gl-867B
Gl-881,Gl-867A
Gl-881,NN-4274
Gl-881,GJ-1005AB
Gl-881,Gl-876
NN-3877,Gl-588
NN-3877,Gl-618B
NN-3877,Gl-618A
NN-3877,NN-3877
NN-3877,Gl-570A
NN-3877,Gl-570B
NN-3877,Gl-555
NN-3877,Gl-581
Gl-785,Gl-799A
Gl-785,Gl-785
Gl-663B,Gl-674
Gl-663B,Gl-754
Gl-663B,Gl-682
Gl-663B,Gl-588
Gl-663B,Gl-618B
Gl-663B,Gl-618A
Gl-663B,Gl-667C
Gl-663B,Gl-667A
Gl-663B,Gl-663B
Gl-663B,Gl-663A
Gl-663B,Gl-664
Gl-663B,Gl-729
Gl-663B,Gl-570A
Gl-663B,Gl-570B
Gl-663B,GJ-1224
Gl-663B,Gl-628
Gl-663B,Gl-644C
Gl-663B,Gl-644A
Gl-663B,Gl-643
Gl-663B,Gl-702B
Gl-663B,Gl-702A
Gl-663A,Gl-674
Gl-663A,Gl-754
Gl-663A,Gl-682
Gl-663A,Gl-588
Gl-663A,Gl-618B
Gl-663A,Gl-618A
Gl-663A,Gl-667C
Gl-663A,Gl-667A
Gl-663A,Gl-663B
Gl-663A,Gl-663A
Gl-663A,Gl-664
Gl-663A,Gl-729
Gl-663A,Gl-570A
Gl-663A,Gl-570B
Gl-663A,GJ-1224
Gl-663A,Gl-628
Gl-663A,Gl-644C
Gl-663A,Gl-644A
Gl-663A,Gl-643
Gl-663A,Gl-702B
Gl-663A,Gl-702A
Gl-664,Gl-674
Gl-664,Gl-754
Gl-664,Gl-682
Gl-664,Gl-588
Gl-664,Gl-618B
Gl-664,Gl-618A
Gl-664,Gl-667C
Gl-664,Gl-667A
Gl-664,Gl-663B
Gl-664,Gl-663A
Gl-664,Gl-664
Gl-664,Gl-729
Gl-664,GJ-1224
Gl-664,Gl-628
Gl-664,Gl-644C
Gl-664,Gl-644A
Gl-664,Gl-643
Gl-664,Gl-702B
Gl-664,Gl-702A
Gl-729,Sun
Gl-729,Gl-551
Gl-729,Gl-559B
Gl-729,Gl-559A
Gl-729,Gl-845
Gl-729,Gl-674
Gl-729,Gl-682
Gl-729,Gl-825
Gl-729,Gl-887
Gl-729,Gl-663B
Gl-729,Gl-663A
Gl-729,Gl-664
Gl-729,Gl-729
Gl-729,Gl-866AB
Gl-729,Gl-628
Gl-729,Gl-702B
Gl-729,Gl-702A
Gl-729,Gl-699
Gl-884,Gl-879
Gl-884,Gl-881
Gl-884,Gl-884
Gl-884,Gl-867B
Gl-884,Gl-867A
Gl-884,NN-4274
Gl-884,GJ-1276
Gl-884,GJ-1286
Gl-216A,Gl-216A
Gl-216A,Gl-216B
Gl-216A,Gl-229
Gl-216A,Gl-185A
Gl-216A,Gl-223.2
Gl-216B,Gl-216A
Gl-216B,Gl-216B
Gl-216B,Gl-229
Gl-216B,Gl-185A
Gl-216B,Gl-223.2
Gl-229,Gl-191
Gl-229,Gl-216A
Gl-229,Gl-216B
Gl-229,Gl-229
Gl-229,Gl-300
Gl-229,Gl-185A
Gl-229,Gl-166C
Gl-229,Gl-166B
Gl-229,Gl-166A
Gl-229,Gl-223.2
Gl-229,Gl-205
Gl-229,Gl-234A
Gl-229,NN-3379
Gl-357,Gl-318
Gl-357,Gl-357
Gl-357,Gl-382
Gl-300,Gl-229
Gl-300,Gl-300
Gl-300,Gl-285
Gl-570A,Gl-588
Gl-570A,NN-3877
Gl-570A,Gl-663B
Gl-570A,Gl-663A
Gl-570A,Gl-570A
Gl-570A,Gl-570B
Gl-570A,Gl-628
Gl-570A,Gl-555
Gl-570A,Gl-581
Gl-570B,Gl-588
Gl-570B,NN-3877
Gl-570B,Gl-663B
Gl-570B,Gl-663A
Gl-570B,Gl-570A
Gl-570B,Gl-570B
Gl-570B,Gl-628
Gl-570B,Gl-555
Gl-570B,Gl-581
Gl-185A,Gl-216A
Gl-185A,Gl-216B
Gl-185A,Gl-229
Gl-185A,Gl-185A
Gl-185A,Gl-183
Gl-185A,Gl-223.2
Gl-185A,Gl-205
Gl-867B,Gl-879
Gl-867B,Gl-881
Gl-867B,Gl-884
Gl-867B,Gl-867B
Gl-867B,Gl-867A
Gl-867B,NN-4274
Gl-867B,Gl-831A
Gl-867B,GJ-1276
Gl-867B,Gl-849
Gl-867A,Gl-879
Gl-867A,Gl-881
Gl-867A,Gl-884
Gl-867A,Gl-867B
Gl-867A,Gl-867A
Gl-867A,NN-4274
Gl-867A,Gl-831A
Gl-867A,GJ-1276
Gl-867A,Gl-849
Gl-595,Gl-595
Gl-506,Gl-506
Gl-506,Gl-465
Gl-506,NN-3707
Gl-465,Gl-506
Gl-465,Gl-465
Gl-465,NN-3707
Gl-465,GJ-1154AB
Gl-65A,Sun
Gl-65A,Gl-845
Gl-65A,Gl-191
Gl-65A,GJ-1061
Gl-65A,Gl-1
Gl-65A,Gl-887
Gl-65A,Gl-65A
Gl-65A,Gl-54.1
Gl-65A,GJ-1005AB
Gl-65A,Gl-71
Gl-65A,Gl-866AB
Gl-65A,Gl-144
Gl-65A,GJ-1002
Gl-65A,Gl-35
Gl-65A,Gl-83.1
Gl-84,Gl-84
Gl-84,NN-3192A
Gl-84,Gl-117
NN-4274,Gl-879
NN-4274,Gl-881
NN-4274,Gl-884
NN-4274,Gl-867B
NN-4274,Gl-867A
NN-4274,NN-4274
NN-4274,Gl-876
NN-4274,Gl-831A
NN-4274,GJ-1276
NN-4274,Gl-849
NN-4274,GJ-1286
Gl-283B,Gl-283B
Gl-283B,Gl-283A
Gl-283B,Gl-250B
Gl-283B,Gl-250A
Gl-283B,GJ-1103A
Gl-283A,Gl-283B
Gl-283A,Gl-283A
Gl-283A,Gl-250B
Gl-283A,Gl-250A
Gl-283A,GJ-1103A
Gl-54.1,GJ-1061
Gl-54.1,Gl-1
Gl-54.1,Gl-887
Gl-54.1,Gl-65A
Gl-54.1,Gl-54.1
Gl-54.1,GJ-1005AB
Gl-54.1,Gl-71
Gl-54.1,Gl-866AB
Gl-54.1,Gl-876
Gl-54.1,Gl-144
Gl-54.1,GJ-1002
Gl-54.1,Gl-908
Gl-54.1,Gl-35
Gl-54.1,Gl-83.1
Gl-244B,Sun
Gl-244B,Gl-551
Gl-244B,Gl-559B
Gl-244B,Gl-559A
Gl-244B,Gl-191
Gl-244B,Gl-244B
Gl-244B,Gl-244A
Gl-244B,Gl-144
Gl-244B,Gl-234A
Gl-244B,Gl-280A
Gl-244B,Gl-273
Gl-244B,Gl-406
Gl-244B,NN-3522
Gl-244B,GJ-1111
Gl-244A,Sun
Gl-244A,Gl-551
Gl-244A,Gl-559B
Gl-244A,Gl-559A
Gl-244A,Gl-191
Gl-244A,Gl-244B
Gl-244A,Gl-244A
Gl-244A,Gl-144
Gl-244A,Gl-234A
Gl-244A,Gl-280A
Gl-244A,Gl-273
Gl-244A,Gl-406
Gl-244A,NN-3522
Gl-244A,GJ-1111
NN-3192A,Gl-84
NN-3192A,NN-3192A
NN-3192A,Gl-117
GJ-1005AB,Gl-1
GJ-1005AB,Gl-887
GJ-1005AB,Gl-881
GJ-1005AB,Gl-65A
GJ-1005AB,Gl-54.1
GJ-1005AB,GJ-1005AB
GJ-1005AB,Gl-71
GJ-1005AB,Gl-866AB
GJ-1005AB,Gl-876
GJ-1005AB,GJ-1002
GJ-1005AB,GJ-1286
GJ-1005AB,Gl-908
GJ-1005AB,Gl-35
GJ-1224,Gl-667C
GJ-1224,Gl-667A
GJ-1224,Gl-663B
GJ-1224,Gl-663A
GJ-1224,Gl-664
GJ-1224,GJ-1224
GJ-1224,Gl-644C
GJ-1224,Gl-644A
GJ-1224,Gl-643
GJ-1224,Gl-701
GJ-1224,Gl-673
Gl-71,GJ-1061
Gl-71,Gl-1
Gl-71,Gl-887
Gl-71,Gl-65A
Gl-71,Gl-54.1
Gl-71,GJ-1005AB
Gl-71,Gl-71
Gl-71,Gl-866AB
Gl-71,Gl-144
Gl-71,Gl-166C
Gl-71,Gl-166B
Gl-71,Gl-166A
Gl-71,GJ-1002
Gl-71,Gl-35
Gl-71,Gl-83.1
Gl-866AB,Gl-845
Gl-866AB,Gl-832
Gl-866AB,Gl-825
Gl-866AB,Gl-1
Gl-866AB,Gl-887
Gl-866AB,Gl-729
Gl-866AB,Gl-65A
Gl-866AB,Gl-54.1
Gl-866AB,GJ-1005AB
Gl-866AB,Gl-71
Gl-866AB,Gl-866AB
Gl-866AB,Gl-876
Gl-866AB,GJ-1002
Gl-866AB,Gl-908
Gl-866AB,Gl-35
NN-3707,Gl-506
NN-3707,Gl-465
NN-3707,NN-3707
NN-3707,GJ-1154AB
Gl-876,Gl-825
Gl-876,Gl-1
Gl-876,Gl-887
Gl-876,Gl-881
Gl-876,NN-4274
Gl-876,Gl-54.1
Gl-876,GJ-1005AB
Gl-876,Gl-866AB
Gl-876,Gl-876
Gl-876,GJ-1002
Gl-876,GJ-1286
Gl-876,Gl-908
Gl-876,Gl-35
Gl-117,Gl-84
Gl-117,NN-3192A
Gl-117,Gl-117
Gl-117,GJ-1057
Gl-117,Gl-105B
Gl-117,Gl-105A
Gl-628,Gl-674
Gl-628,Gl-682
Gl-628,Gl-663B
Gl-628,Gl-663A
Gl-628,Gl-664
Gl-628,Gl-729
Gl-628,Gl-570A
Gl-628,Gl-570B
Gl-628,Gl-628
Gl-628,Gl-644C
Gl-628,Gl-644A
Gl-628,Gl-643
Gl-628,Gl-581
Gl-628,Gl-702B
Gl-628,Gl-702A
Gl-628,Gl-699
Gl-555,NN-3877
Gl-555,Gl-570A
Gl-555,Gl-570B
Gl-555,Gl-555
Gl-555,Gl-581
NN-3622,NN-3622
NN-3622,Gl-447
NN-3622,Gl-402
NN-3622,Gl-406
NN-3622,NN-3522
NN-3622,Gl-473A
NN-3622,Gl-388
Gl-831A,Gl-867B
Gl-831A,Gl-867A
Gl-831A,NN-4274
Gl-831A,Gl-831A
Gl-831A,GJ-1276
Gl-831A,Gl-849
Gl-144,Gl-191
Gl-144,GJ-1061
Gl-144,Gl-65A
Gl-144,Gl-54.1
Gl-144,Gl-244B
Gl-144,Gl-244A
Gl-144,Gl-71
Gl-144,Gl-144
Gl-144,Gl-166C
Gl-144,Gl-166B
Gl-144,Gl-166A
Gl-144,Gl-234A
Gl-144,Gl-35
Gl-144,Gl-83.1
Gl-644C,Gl-663B
Gl-644C,Gl-663A
Gl-644C,Gl-664
Gl-644C,GJ-1224
Gl-644C,Gl-628
Gl-644C,Gl-644C
Gl-644C,Gl-644A
Gl-644C,Gl-643
Gl-644C,Gl-581
Gl-644C,Gl-701
Gl-644C,Gl-673
Gl-644C,Gl-702B
Gl-644C,Gl-702A
Gl-644A,Gl-663B
Gl-644A,Gl-663A
Gl-644A,Gl-664
Gl-644A,GJ-1224
Gl-644A,Gl-628
Gl-644A,Gl-644C
Gl-644A,Gl-644A
Gl-644A,Gl-643
Gl-644A,Gl-581
Gl-644A,Gl-701
Gl-644A,Gl-673
Gl-644A,Gl-702B
Gl-644A,Gl-702A
Gl-643,Gl-663B
Gl-643,Gl-663A
Gl-643,Gl-664
Gl-643,GJ-1224
Gl-643,Gl-628
Gl-643,Gl-644C
Gl-643,Gl-644A
Gl-643,Gl-643
Gl-643,Gl-581
Gl-643,Gl-701
Gl-643,Gl-673
Gl-643,Gl-702B
Gl-643,Gl-702A
Gl-581,NN-3877
Gl-581,Gl-570A
Gl-581,Gl-570B
Gl-581,Gl-628
Gl-581,Gl-555
Gl-581,Gl-644C
Gl-581,Gl-644A
Gl-581,Gl-643
Gl-581,Gl-581
Gl-166C,Gl-191
Gl-166C,GJ-1061
Gl-166C,Gl-229
Gl-166C,Gl-71
Gl-166C,Gl-144
Gl-166C,Gl-166C
Gl-166C,Gl-166B
Gl-166C,Gl-166A
Gl-166C,Gl-223.2
Gl-166C,Gl-205
Gl-166C,Gl-234A
Gl-166C,NN-3379
Gl-166C,Gl-213
Gl-166B,Gl-191
Gl-166B,GJ-1061
Gl-166B,Gl-229
Gl-166B,Gl-71
Gl-166B,Gl-144
Gl-166B,Gl-166C
Gl-166B,Gl-166B
Gl-166B,Gl-166A
Gl-166B,Gl-223.2
Gl-166B,Gl-205
Gl-166B,Gl-234A
Gl-166B,NN-3379
Gl-166B,Gl-213
Gl-166A,Gl-191
Gl-166A,GJ-1061
Gl-166A,Gl-229
Gl-166A,Gl-71
Gl-166A,Gl-144
Gl-166A,Gl-166C
Gl-166A,Gl-166B
Gl-166A,Gl-166A
Gl-166A,Gl-223.2
Gl-166A,Gl-205
Gl-166A,Gl-234A
Gl-166A,NN-3379
Gl-166A,Gl-213
GJ-1002,Gl-1
GJ-1002,Gl-887
GJ-1002,Gl-65A
GJ-1002,Gl-54.1
GJ-1002,GJ-1005AB
GJ-1002,Gl-71
GJ-1002,Gl-866AB
GJ-1002,Gl-876
GJ-1002,GJ-1002
GJ-1002,GJ-1286
GJ-1002,Gl-908
GJ-1002,Gl-35
GJ-1002,Gl-83.1
GJ-1276,Gl-884
GJ-1276,Gl-867B
GJ-1276,Gl-867A
GJ-1276,NN-4274
GJ-1276,Gl-831A
GJ-1276,GJ-1276
GJ-1276,Gl-849
GJ-1276,GJ-1286
Gl-183,Gl-185A
Gl-183,Gl-183
Gl-183,GJ-1087
Gl-183,Gl-178
Gl-183,NN-3322
Gl-250B,Gl-283B
Gl-250B,Gl-283A
Gl-250B,Gl-250B
Gl-250B,Gl-250A
Gl-250B,GJ-1103A
Gl-250B,GJ-1087
Gl-250A,Gl-283B
Gl-250A,Gl-283A
Gl-250A,Gl-250B
Gl-250A,Gl-250A
Gl-250A,GJ-1103A
Gl-250A,GJ-1087
Gl-849,Gl-867B
Gl-849,Gl-867A
Gl-849,NN-4274
Gl-849,Gl-831A
Gl-849,GJ-1276
Gl-849,Gl-849
Gl-223.2,Gl-216A
Gl-223.2,Gl-216B
Gl-223.2,Gl-229
Gl-223.2,Gl-185A
Gl-223.2,Gl-166C
Gl-223.2,Gl-166B
Gl-223.2,Gl-166A
Gl-223.2,Gl-223.2
Gl-223.2,Gl-205
Gl-223.2,Gl-234A
Gl-223.2,NN-3379
Gl-223.2,GJ-1087
Gl-223.2,Gl-178
Gl-223.2,NN-3322
Gl-223.2,Gl-213
Gl-382,Gl-357
Gl-382,Gl-382
Gl-382,Gl-381
Gl-382,Gl-393
Gl-382,Gl-402
Gl-205,Gl-229
Gl-205,Gl-185A
Gl-205,Gl-166C
Gl-205,Gl-166B
Gl-205,Gl-166A
Gl-205,Gl-223.2
Gl-205,Gl-205
Gl-205,Gl-234A
Gl-205,NN-3379
Gl-205,GJ-1087
Gl-205,Gl-178
Gl-205,NN-3322
Gl-205,Gl-213
Gl-701,GJ-1224
Gl-701,Gl-644C
Gl-701,Gl-644A
Gl-701,Gl-643
Gl-701,Gl-701
Gl-701,Gl-673
Gl-701,Gl-702B
Gl-701,Gl-702A
Gl-234A,Gl-229
Gl-234A,Gl-244B
Gl-234A,Gl-244A
Gl-234A,Gl-144
Gl-234A,Gl-166C
Gl-234A,Gl-166B
Gl-234A,Gl-166A
Gl-234A,Gl-223.2
Gl-234A,Gl-205
Gl-234A,Gl-234A
Gl-234A,NN-3379
Gl-234A,Gl-285
Gl-234A,Gl-280A
Gl-234A,Gl-273
Gl-234A,NN-3522
Gl-234A,Gl-213
Gl-234A,GJ-1111
Gl-381,Gl-382
Gl-381,Gl-381
Gl-381,Gl-393
Gl-381,Gl-402
GJ-1286,Gl-884
GJ-1286,NN-4274
GJ-1286,GJ-1005AB
GJ-1286,Gl-876
GJ-1286,GJ-1002
GJ-1286,GJ-1276
GJ-1286,GJ-1286
GJ-1286,Gl-908
GJ-1286,Gl-33
GJ-1286,Gl-880
GJ-1286,Gl-896B
GJ-1286,Gl-896A
GJ-1103A,Gl-283B
GJ-1103A,Gl-283A
GJ-1103A,Gl-250B
GJ-1103A,Gl-250A
GJ-1103A,GJ-1103A
GJ-1103A,GJ-2066
GJ-1103A,Gl-285
GJ-1103A,Gl-299
GJ-1154AB,Gl-465
GJ-1154AB,NN-3707
GJ-1154AB,GJ-1154AB
GJ-1154AB,Gl-518
GJ-1154AB,Gl-493.1
GJ-1154AB,Gl-486
GJ-1154AB,NN-3716
GJ-1154AB,GJ-1156
Gl-447,NN-3622
Gl-447,Gl-447
Gl-447,Gl-406
Gl-447,NN-3522
Gl-447,Gl-473A
Gl-447,Gl-388
Gl-447,Gl-411
Gl-393,Gl-382
Gl-393,Gl-381
Gl-393,Gl-393
Gl-393,Gl-402
Gl-393,Gl-408
GJ-2066,GJ-1103A
GJ-2066,GJ-2066
GJ-2066,Gl-285
GJ-2066,Gl-299
Gl-673,GJ-1224
Gl-673,Gl-644C
Gl-673,Gl-644A
Gl-673,Gl-643
Gl-673,Gl-701
Gl-673,Gl-673
Gl-673,Gl-702B
Gl-673,Gl-702A
Gl-673,Gl-686
Gl-908,Gl-54.1
Gl-908,GJ-1005AB
Gl-908,Gl-866AB
Gl-908,Gl-876
Gl-908,GJ-1002
Gl-908,GJ-1286
Gl-908,Gl-908
Gl-908,Gl-33
Gl-908,Gl-35
Gl-908,Gl-880
Gl-908,Gl-896B
Gl-908,Gl-896A
Gl-702B,Gl-663B
Gl-702B,Gl-663A
Gl-702B,Gl-664
Gl-702B,Gl-729
Gl-702B,Gl-628
Gl-702B,Gl-644C
Gl-702B,Gl-644A
Gl-702B,Gl-643
Gl-702B,Gl-701
Gl-702B,Gl-673
Gl-702B,Gl-702B
Gl-702B,Gl-702A
Gl-702B,Gl-752B
Gl-702B,Gl-752A
Gl-702B,Gl-768
Gl-702A,Gl-663B
Gl-702A,Gl-663A
Gl-702A,Gl-664
Gl-702A,Gl-729
Gl-702A,Gl-628
Gl-702A,Gl-644C
Gl-702A,Gl-644A
Gl-702A,Gl-643
Gl-702A,Gl-701
Gl-702A,Gl-673
Gl-702A,Gl-702B
Gl-702A,Gl-702A
Gl-702A,Gl-752B
Gl-702A,Gl-752A
Gl-702A,Gl-768
NN-3379,Gl-229
NN-3379,Gl-166C
NN-3379,Gl-166B
NN-3379,Gl-166A
NN-3379,Gl-223.2
NN-3379,Gl-205
NN-3379,Gl-234A
NN-3379,NN-3379
NN-3379,Gl-285
NN-3379,Gl-280A
NN-3379,Gl-273
NN-3379,GJ-1087
NN-3379,Gl-178
NN-3379,NN-3322
NN-3379,Gl-213
Gl-285,Gl-300
Gl-285,Gl-234A
Gl-285,GJ-1103A
Gl-285,GJ-2066
Gl-285,NN-3379
Gl-285,Gl-285
Gl-285,Gl-280A
Gl-285,Gl-273
Gl-285,NN-3522
Gl-285,Gl-299
Gl-285,GJ-1093
Gl-285,GJ-1116A
Gl-285,GJ-1116B
Gl-518,GJ-1154AB
Gl-518,Gl-518
Gl-518,Gl-493.1
Gl-518,Gl-486
Gl-518,Gl-514
Gl-518,Gl-512.1
Gl-518,Gl-526
Gl-518,GJ-2097
Gl-70,Gl-70
Gl-70,Gl-33
Gl-70,Gl-105B
Gl-70,Gl-105A
Gl-70,NN-3128
Gl-70,NN-3146
Gl-70,Gl-68
Gl-699,Sun
Gl-699,Gl-551
Gl-699,Gl-559B
Gl-699,Gl-559A
Gl-699,Gl-729
Gl-699,Gl-628
Gl-699,Gl-699
Gl-699,Gl-820B
Gl-699,Gl-820A
Gl-699,Gl-725B
Gl-699,Gl-725A
GJ-1057,Gl-117
GJ-1057,GJ-1057
GJ-1057,Gl-105B
GJ-1057,Gl-105A
GJ-1057,NN-3128
GJ-1057,NN-3146
Gl-752B,Gl-702B
Gl-752B,Gl-702A
Gl-752B,Gl-752B
Gl-752B,Gl-752A
Gl-752B,Gl-768
Gl-752B,GJ-1230A
Gl-752A,Gl-702B
Gl-752A,Gl-702A
Gl-752A,Gl-752B
Gl-752A,Gl-752A
Gl-752A,Gl-768
Gl-752A,GJ-1230A
Gl-280A,Gl-244B
Gl-280A,Gl-244A
Gl-280A,Gl-234A
Gl-280A,NN-3379
Gl-280A,Gl-285
Gl-280A,Gl-280A
Gl-280A,Gl-273
Gl-280A,Gl-406
Gl-280A,NN-3522
Gl-280A,GJ-1116A
Gl-280A,GJ-1116B
Gl-280A,GJ-1111
Gl-280A,Gl-411
Gl-273,Gl-244B
Gl-273,Gl-244A
Gl-273,Gl-234A
Gl-273,NN-3379
Gl-273,Gl-285
Gl-273,Gl-280A
Gl-273,Gl-273
Gl-273,Gl-406
Gl-273,NN-3522
Gl-273,GJ-1116A
Gl-273,GJ-1116B
Gl-273,GJ-1111
Gl-273,Gl-251
Gl-33,GJ-1286
Gl-33,Gl-908
Gl-33,Gl-70
Gl-33,Gl-33
Gl-33,Gl-35
Gl-33,Gl-896B
Gl-33,Gl-896A
Gl-33,Gl-68
GJ-1087,Gl-183
GJ-1087,Gl-250B
GJ-1087,Gl-250A
GJ-1087,Gl-223.2
GJ-1087,Gl-205
GJ-1087,NN-3379
GJ-1087,GJ-1087
GJ-1087,Gl-178
GJ-1087,NN-3322
GJ-1087,Gl-213
GJ-1087,GJ-1093
GJ-1087,Gl-232
Gl-35,Gl-65A
Gl-35,Gl-54.1
Gl-35,GJ-1005AB
Gl-35,Gl-71
Gl-35,Gl-866AB
Gl-35,Gl-876
Gl-35,Gl-144
Gl-35,GJ-1002
Gl-35,Gl-908
Gl-35,Gl-33
Gl-35,Gl-35
Gl-35,Gl-83.1
Gl-35,Gl-15B
Gl-35,Gl-15A
Gl-35,Gl-905
Gl-493.1,GJ-1154AB
Gl-493.1,Gl-518
Gl-493.1,Gl-493.1
Gl-493.1,Gl-486
Gl-493.1,NN-3716
Gl-493.1,Gl-514
Gl-493.1,GJ-1156
Gl-493.1,Gl-512.1
Gl-493.1,GJ-2097
Gl-402,NN-3622
Gl-402,Gl-382
Gl-402,Gl-381
Gl-402,Gl-393
Gl-402,Gl-402
Gl-402,NN-3716
Gl-402,GJ-1156
Gl-402,Gl-388
Gl-402,Gl-408
Gl-105B,Gl-117
Gl-105B,Gl-70
Gl-105B,GJ-1057
Gl-105B,Gl-105B
Gl-105B,Gl-105A
Gl-105B,NN-3128
Gl-105B,NN-3146
Gl-105B,Gl-68
Gl-105B,Gl-109
Gl-105A,Gl-117
Gl-105A,Gl-70
Gl-105A,GJ-1057
Gl-105A,Gl-105B
Gl-105A,Gl-105A
Gl-105A,NN-3128
Gl-105A,NN-3146
Gl-105A,Gl-68
Gl-105A,Gl-109
Gl-178,Gl-183
Gl-178,Gl-223.2
Gl-178,Gl-205
Gl-178,NN-3379
Gl-178,GJ-1087
Gl-178,Gl-178
Gl-178,NN-3322
Gl-178,Gl-213
Gl-406,Sun
Gl-406,Gl-551
Gl-406,Gl-559B
Gl-406,Gl-559A
Gl-406,Gl-244B
Gl-406,Gl-244A
Gl-406,NN-3622
Gl-406,Gl-447
Gl-406,Gl-280A
Gl-406,Gl-273
Gl-406,Gl-406
Gl-406,NN-3522
Gl-406,Gl-473A
Gl-406,Gl-388
Gl-406,GJ-1111
Gl-406,Gl-411
NN-3522,Gl-244B
NN-3522,Gl-244A
NN-3522,NN-3622
NN-3522,Gl-234A
NN-3522,Gl-447
NN-3522,Gl-285
NN-3522,Gl-280A
NN-3522,Gl-273
NN-3522,Gl-406
NN-3522,NN-3522
NN-3522,Gl-299
NN-3522,GJ-1116A
NN-3522,GJ-1116B
NN-3522,Gl-388
NN-3522,GJ-1111
NN-3522,Gl-411
Gl-299,GJ-1103A
Gl-299,GJ-2066
Gl-299,Gl-285
Gl-299,NN-3522
Gl-299,Gl-299
Gl-299,GJ-1093
Gl-299,GJ-1116A
Gl-299,GJ-1116B
Gl-768,Gl-702B
Gl-768,Gl-702A
Gl-768,Gl-752B
Gl-768,Gl-752A
Gl-768,Gl-768
Gl-768,Gl-820B
Gl-768,Gl-820A
Gl-768,GJ-1245A
Gl-768,GJ-1245B
Gl-473A,NN-3622
Gl-473A,Gl-447
Gl-473A,Gl-406
Gl-473A,Gl-473A
Gl-473A,NN-3716
Gl-473A,GJ-1156
Gl-473A,Gl-526
Gl-473A,Gl-388
Gl-473A,GJ-2097
Gl-473A,Gl-411
Gl-791.2,Gl-791.2
Gl-791.2,Gl-829
Gl-486,GJ-1154AB
Gl-486,Gl-518
Gl-486,Gl-493.1
Gl-486,Gl-486
Gl-486,NN-3716
Gl-486,Gl-514
Gl-486,GJ-1156
Gl-486,Gl-512.1
Gl-486,GJ-2097
Gl-486,Gl-502
NN-3322,Gl-183
NN-3322,Gl-223.2
NN-3322,Gl-205
NN-3322,NN-3379
NN-3322,GJ-1087
NN-3322,Gl-178
NN-3322,NN-3322
NN-3322,Gl-213
NN-3716,GJ-1154AB
NN-3716,Gl-493.1
NN-3716,Gl-402
NN-3716,Gl-473A
NN-3716,Gl-486
NN-3716,NN-3716
NN-3716,Gl-514
NN-3716,GJ-1156
NN-3716,Gl-526
NN-3716,GJ-2097
NN-3716,Gl-408
NN-3128,Gl-70
NN-3128,GJ-1057
NN-3128,Gl-105B
NN-3128,Gl-105A
NN-3128,NN-3128
NN-3128,NN-3146
NN-3128,Gl-68
NN-3128,Gl-109
Gl-514,Gl-518
Gl-514,Gl-493.1
Gl-514,Gl-486
Gl-514,NN-3716
Gl-514,Gl-514
Gl-514,GJ-1156
Gl-514,Gl-512.1
Gl-514,Gl-526
Gl-514,Gl-566B
Gl-514,Gl-566A
Gl-514,GJ-2097
Gl-514,Gl-502
Gl-514,NN-3789
GJ-1156,GJ-1154AB
GJ-1156,Gl-493.1
GJ-1156,Gl-402
GJ-1156,Gl-473A
GJ-1156,Gl-486
GJ-1156,NN-3716
GJ-1156,Gl-514
GJ-1156,GJ-1156
GJ-1156,Gl-526
GJ-1156,GJ-2097
GJ-1156,Gl-408
Gl-213,Gl-166C
Gl-213,Gl-166B
Gl-213,Gl-166A
Gl-213,Gl-223.2
Gl-213,Gl-205
Gl-213,Gl-234A
Gl-213,NN-3379
Gl-213,GJ-1087
Gl-213,Gl-178
Gl-213,NN-3322
Gl-213,Gl-213
Gl-213,GJ-1093
Gl-213,Gl-232
Gl-213,Gl-251
Gl-83.1,Gl-65A
Gl-83.1,Gl-54.1
Gl-83.1,Gl-71
Gl-83.1,Gl-144
Gl-83.1,GJ-1002
Gl-83.1,Gl-35
Gl-83.1,Gl-83.1
Gl-83.1,Gl-15B
Gl-83.1,Gl-15A
Gl-83.1,Gl-905
NN-3146,Gl-70
NN-3146,GJ-1057
NN-3146,Gl-105B
NN-3146,Gl-105A
NN-3146,NN-3128
NN-3146,NN-3146
NN-3146,Gl-68
NN-3146,Gl-109
Gl-512.1,Gl-518
Gl-512.1,Gl-493.1
Gl-512.1,Gl-486
Gl-512.1,Gl-514
Gl-512.1,Gl-512.1
Gl-512.1,GJ-2097
Gl-512.1,Gl-502
Gl-512.1,NN-3789
Gl-526,Gl-518
Gl-526,Gl-473A
Gl-526,NN-3716
Gl-526,Gl-514
Gl-526,GJ-1156
Gl-526,Gl-526
Gl-526,Gl-566B
Gl-526,Gl-566A
Gl-526,GJ-2097
Gl-526,NN-3789
Gl-880,GJ-1286
Gl-880,Gl-908
Gl-880,Gl-880
Gl-880,Gl-829
Gl-880,Gl-896B
Gl-880,Gl-896A
Gl-829,Gl-791.2
Gl-829,Gl-880
Gl-829,Gl-829
Gl-829,NN-4247
Gl-686,Gl-673
Gl-686,Gl-686
Gl-686,GJ-1230A
Gl-686,Gl-695B
Gl-686,Gl-695A
Gl-566B,Gl-514
Gl-566B,Gl-526
Gl-566B,Gl-566B
Gl-566B,Gl-566A
Gl-566B,GJ-2097
Gl-566B,NN-3789
Gl-566A,Gl-514
Gl-566A,Gl-526
Gl-566A,Gl-566B
Gl-566A,Gl-566A
Gl-566A,GJ-2097
Gl-566A,NN-3789
GJ-1093,Gl-285
GJ-1093,GJ-1087
GJ-1093,Gl-299
GJ-1093,Gl-213
GJ-1093,GJ-1093
GJ-1093,Gl-232
GJ-1093,Gl-268.3
GJ-1093,Gl-251
GJ-1093,Gl-268
GJ-1116A,Gl-285
GJ-1116A,Gl-280A
GJ-1116A,Gl-273
GJ-1116A,NN-3522
GJ-1116A,Gl-299
GJ-1116A,GJ-1116A
GJ-1116A,GJ-1116B
GJ-1116A,Gl-388
GJ-1116A,GJ-1111
GJ-1116A,Gl-251
GJ-1116A,Gl-268
GJ-1116A,Gl-380
GJ-1116B,Gl-285
GJ-1116B,Gl-280A
GJ-1116B,Gl-273
GJ-1116B,NN-3522
GJ-1116B,Gl-299
GJ-1116B,GJ-1116A
GJ-1116B,GJ-1116B
GJ-1116B,Gl-388
GJ-1116B,GJ-1111
GJ-1116B,Gl-251
GJ-1116B,Gl-268
GJ-1116B,Gl-380
Gl-388,NN-3622
Gl-388,Gl-447
Gl-388,Gl-402
Gl-388,Gl-406
Gl-388,NN-3522
Gl-388,Gl-473A
Gl-388,GJ-1116A
Gl-388,GJ-1116B
Gl-388,Gl-388
Gl-388,Gl-408
Gl-388,GJ-1111
Gl-388,Gl-411
Gl-388,Gl-412B
Gl-388,Gl-412A
Gl-388,Gl-380
Gl-896B,GJ-1286
Gl-896B,Gl-908
Gl-896B,Gl-33
Gl-896B,Gl-880
Gl-896B,Gl-896B
Gl-896B,Gl-896A
Gl-896B,GJ-1289
Gl-896B,Gl-873
Gl-896A,GJ-1286
Gl-896A,Gl-908
Gl-896A,Gl-33
Gl-896A,Gl-880
Gl-896A,Gl-896B
Gl-896A,Gl-896A
Gl-896A,GJ-1289
Gl-896A,Gl-873
Gl-68,Gl-70
Gl-68,Gl-33
Gl-68,Gl-105B
Gl-68,Gl-105A
Gl-68,NN-3128
Gl-68,NN-3146
Gl-68,Gl-68
Gl-68,Gl-109
GJ-2097,Gl-518
GJ-2097,Gl-493.1
GJ-2097,Gl-473A
GJ-2097,Gl-486
GJ-2097,NN-3716
GJ-2097,Gl-514
GJ-2097,GJ-1156
GJ-2097,Gl-512.1
GJ-2097,Gl-526
GJ-2097,Gl-566B
GJ-2097,Gl-566A
GJ-2097,GJ-2097
GJ-2097,Gl-502
GJ-2097,NN-3789
Gl-745B,Gl-745B
Gl-745B,Gl-745A
Gl-745B,GJ-1230A
Gl-745B,Gl-695B
Gl-745B,Gl-695A
Gl-745B,Gl-747A
Gl-745B,Gl-721
Gl-745A,Gl-745B
Gl-745A,Gl-745A
Gl-745A,GJ-1230A
Gl-745A,Gl-695B
Gl-745A,Gl-695A
Gl-745A,Gl-747A
Gl-745A,Gl-721
Gl-408,Gl-393
Gl-408,Gl-402
Gl-408,NN-3716
Gl-408,GJ-1156
Gl-408,Gl-388
Gl-408,Gl-408
Gl-408,Gl-434
Gl-408,Gl-450
Gl-408,Gl-451A
Gl-408,Gl-412B
Gl-408,Gl-412A
Gl-232,GJ-1087
Gl-232,Gl-213
Gl-232,GJ-1093
Gl-232,Gl-232
Gl-232,Gl-268.3
Gl-232,Gl-251
GJ-1230A,Gl-752B
GJ-1230A,Gl-752A
GJ-1230A,Gl-686
GJ-1230A,Gl-745B
GJ-1230A,Gl-745A
GJ-1230A,GJ-1230A
GJ-1230A,Gl-695B
GJ-1230A,Gl-695A
GJ-1230A,Gl-747A
GJ-1230A,Gl-721
GJ-1230A,NN-4063
Gl-109,Gl-105B
Gl-109,Gl-105A
Gl-109,NN-3128
Gl-109,NN-3146
Gl-109,Gl-68
Gl-109,Gl-109
GJ-1111,Gl-244B
GJ-1111,Gl-244A
GJ-1111,Gl-234A
GJ-1111,Gl-280A
GJ-1111,Gl-273
GJ-1111,Gl-406
GJ-1111,NN-3522
GJ-1111,GJ-1116A
GJ-1111,GJ-1116B
GJ-1111,Gl-388
GJ-1111,GJ-1111
GJ-1111,Gl-251
GJ-1111,Gl-411
GJ-1111,Gl-268
GJ-1111,Gl-380
Gl-268.3,GJ-1093
Gl-268.3,Gl-232
Gl-268.3,Gl-268.3
Gl-268.3,Gl-251
Gl-268.3,Gl-268
Gl-268.3,GJ-1105
Gl-695B,Gl-686
Gl-695B,Gl-745B
Gl-695B,Gl-745A
Gl-695B,GJ-1230A
Gl-695B,Gl-695B
Gl-695B,Gl-695A
Gl-695B,Gl-747A
Gl-695B,Gl-721
Gl-695B,NN-4063
Gl-695B,NN-3991
Gl-695A,Gl-686
Gl-695A,Gl-745B
Gl-695A,Gl-745A
Gl-695A,GJ-1230A
Gl-695A,Gl-695B
Gl-695A,Gl-695A
Gl-695A,Gl-747A
Gl-695A,Gl-721
Gl-695A,NN-4063
Gl-695A,NN-3991
Gl-502,Gl-486
Gl-502,Gl-514
Gl-502,Gl-512.1
Gl-502,GJ-2097
Gl-502,Gl-502
Gl-502,NN-3789
Gl-502,Gl-434
Gl-502,Gl-450
Gl-502,Gl-451A
Gl-502,Gl-475
NN-4247,Gl-829
NN-4247,NN-4247
NN-3789,Gl-514
NN-3789,Gl-512.1
NN-3789,Gl-526
NN-3789,Gl-566B
NN-3789,Gl-566A
NN-3789,GJ-2097
NN-3789,Gl-502
NN-3789,NN-3789
NN-3789,Gl-475
Gl-747A,Gl-745B
Gl-747A,Gl-745A
Gl-747A,GJ-1230A
Gl-747A,Gl-695B
Gl-747A,Gl-695A
Gl-747A,Gl-747A
Gl-747A,Gl-721
Gl-747A,NN-4063
Gl-251,Gl-273
Gl-251,Gl-213
Gl-251,GJ-1093
Gl-251,GJ-1116A
Gl-251,GJ-1116B
Gl-251,Gl-232
Gl-251,GJ-1111
Gl-251,Gl-268.3
Gl-251,Gl-251
Gl-251,Gl-268
Gl-251,GJ-1105
Gl-434,Gl-408
Gl-434,Gl-502
Gl-434,Gl-434
Gl-434,Gl-450
Gl-434,Gl-451A
Gl-434,Gl-475
Gl-434,GJ-1151
Gl-450,Gl-408
Gl-450,Gl-502
Gl-450,Gl-434
Gl-450,Gl-450
Gl-450,Gl-451A
Gl-450,Gl-475
Gl-450,GJ-1151
Gl-411,Sun
Gl-411,Gl-447
Gl-411,Gl-280A
Gl-411,Gl-406
Gl-411,NN-3522
Gl-411,Gl-473A
Gl-411,Gl-388
Gl-411,GJ-1111
Gl-411,Gl-411
Gl-411,Gl-412B
Gl-411,Gl-412A
Gl-411,Gl-380
GJ-1289,Gl-896B
GJ-1289,Gl-896A
GJ-1289,GJ-1289
GJ-1289,Gl-892
Gl-451A,Gl-408
Gl-451A,Gl-502
Gl-451A,Gl-434
Gl-451A,Gl-450
Gl-451A,Gl-451A
Gl-451A,Gl-475
Gl-451A,GJ-1151
Gl-268,GJ-1093
Gl-268,GJ-1116A
Gl-268,GJ-1116B
Gl-268,GJ-1111
Gl-268,Gl-268.3
Gl-268,Gl-251
Gl-268,Gl-268
Gl-268,GJ-1105
Gl-268,Gl-338A
Gl-268,Gl-338B
Gl-820B,Gl-699
Gl-820B,Gl-768
Gl-820B,Gl-820B
Gl-820B,Gl-820A
Gl-820B,Gl-15B
Gl-820B,Gl-15A
Gl-820B,Gl-905
Gl-820B,Gl-873
Gl-820B,GJ-1245A
Gl-820B,GJ-1245B
Gl-820B,Gl-860B
Gl-820B,Gl-860A
Gl-820B,Gl-725B
Gl-820B,Gl-725A
Gl-820A,Gl-699
Gl-820A,Gl-768
Gl-820A,Gl-820B
Gl-820A,Gl-820A
Gl-820A,Gl-15B
Gl-820A,Gl-15A
Gl-820A,Gl-905
Gl-820A,Gl-873
Gl-820A,GJ-1245A
Gl-820A,GJ-1245B
Gl-820A,Gl-860B
Gl-820A,Gl-860A
Gl-820A,Gl-725B
Gl-820A,Gl-725A
Gl-721,Gl-745B
Gl-721,Gl-745A
Gl-721,GJ-1230A
Gl-721,Gl-695B
Gl-721,Gl-695A
Gl-721,Gl-747A
Gl-721,Gl-721
Gl-721,NN-4063
Gl-721,NN-3991
Gl-721,Gl-661A
NN-4063,GJ-1230A
NN-4063,Gl-695B
NN-4063,Gl-695A
NN-4063,Gl-747A
NN-4063,Gl-721
NN-4063,NN-4063
NN-4063,NN-3991
NN-4063,Gl-661A
GJ-1105,Gl-268.3
GJ-1105,Gl-251
GJ-1105,Gl-268
GJ-1105,GJ-1105
GJ-1105,Gl-338A
GJ-1105,Gl-338B
GJ-1105,NN-3421
Gl-475,Gl-502
Gl-475,NN-3789
Gl-475,Gl-434
Gl-475,Gl-450
Gl-475,Gl-451A
Gl-475,Gl-475
Gl-475,GJ-1151
Gl-412B,Gl-388
Gl-412B,Gl-408
Gl-412B,Gl-411
Gl-412B,Gl-412B
Gl-412B,Gl-412A
Gl-412B,Gl-380
Gl-412B,Gl-338A
Gl-412B,Gl-338B
Gl-412A,Gl-388
Gl-412A,Gl-408
Gl-412A,Gl-411
Gl-412A,Gl-412B
Gl-412A,Gl-412A
Gl-412A,Gl-380
Gl-412A,Gl-338A
Gl-412A,Gl-338B
NN-3991,Gl-695B
NN-3991,Gl-695A
NN-3991,Gl-721
NN-3991,NN-4063
NN-3991,NN-3991
NN-3991,Gl-661A
NN-3991,Gl-623
NN-3991,Gl-625
NN-3991,GJ-1227
Gl-15B,Gl-35
Gl-15B,Gl-83.1
Gl-15B,Gl-820B
Gl-15B,Gl-820A
Gl-15B,Gl-15B
Gl-15B,Gl-15A
Gl-15B,Gl-905
Gl-15B,Gl-873
Gl-15B,Gl-860B
Gl-15B,Gl-860A
Gl-15B,Gl-34B
Gl-15B,Gl-34A
Gl-15B,Gl-725B
Gl-15B,Gl-725A
Gl-15A,Gl-35
Gl-15A,Gl-83.1
Gl-15A,Gl-820B
Gl-15A,Gl-820A
Gl-15A,Gl-15B
Gl-15A,Gl-15A
Gl-15A,Gl-905
Gl-15A,Gl-873
Gl-15A,Gl-860B
Gl-15A,Gl-860A
Gl-15A,Gl-34B
Gl-15A,Gl-34A
Gl-15A,Gl-725B
Gl-15A,Gl-725A
Gl-905,Gl-35
Gl-905,Gl-83.1
Gl-905,Gl-820B
Gl-905,Gl-820A
Gl-905,Gl-15B
Gl-905,Gl-15A
Gl-905,Gl-905
Gl-905,Gl-873
Gl-905,GJ-1245A
Gl-905,GJ-1245B
Gl-905,Gl-860B
Gl-905,Gl-860A
Gl-905,Gl-34B
Gl-905,Gl-34A
Gl-905,Gl-725B
Gl-905,Gl-725A
Gl-873,Gl-896B
Gl-873,Gl-896A
Gl-873,Gl-820B
Gl-873,Gl-820A
Gl-873,Gl-15B
Gl-873,Gl-15A
Gl-873,Gl-905
Gl-873,Gl-873
Gl-873,GJ-1245A
Gl-873,GJ-1245B
Gl-873,Gl-892
Gl-873,Gl-860B
Gl-873,Gl-860A
Gl-873,Gl-34B
Gl-873,Gl-34A
GJ-1245A,Gl-768
GJ-1245A,Gl-820B
GJ-1245A,Gl-820A
GJ-1245A,Gl-905
GJ-1245A,Gl-873
GJ-1245A,GJ-1245A
GJ-1245A,GJ-1245B
GJ-1245A,Gl-860B
GJ-1245A,Gl-860A
GJ-1245A,Gl-725B
GJ-1245A,Gl-725A
GJ-1245A,Gl-687
GJ-1245A,Gl-764
GJ-1245B,Gl-768
GJ-1245B,Gl-820B
GJ-1245B,Gl-820A
GJ-1245B,Gl-905
GJ-1245B,Gl-873
GJ-1245B,GJ-1245A
GJ-1245B,GJ-1245B
GJ-1245B,Gl-860B
GJ-1245B,Gl-860A
GJ-1245B,Gl-725B
GJ-1245B,Gl-725A
GJ-1245B,Gl-687
GJ-1245B,Gl-764
Gl-661A,Gl-721
Gl-661A,NN-4063
Gl-661A,NN-3991
Gl-661A,Gl-661A
Gl-661A,Gl-623
Gl-661A,Gl-625
Gl-661A,NN-4053
Gl-661A,Gl-687
Gl-661A,GJ-1221
Gl-623,NN-3991
Gl-623,Gl-661A
Gl-623,Gl-623
Gl-623,Gl-625
Gl-623,GJ-1227
Gl-623,NN-4053
GJ-1151,Gl-434
GJ-1151,Gl-450
GJ-1151,Gl-451A
GJ-1151,Gl-475
GJ-1151,GJ-1151
GJ-1151,Gl-424
GJ-1151,Gl-487
Gl-380,GJ-1116A
Gl-380,GJ-1116B
Gl-380,Gl-388
Gl-380,GJ-1111
Gl-380,Gl-411
Gl-380,Gl-412B
Gl-380,Gl-412A
Gl-380,Gl-380
Gl-380,Gl-338A
Gl-380,Gl-338B
Gl-380,Gl-445
Gl-338A,Gl-268
Gl-338A,GJ-1105
Gl-338A,Gl-412B
Gl-338A,Gl-412A
Gl-338A,Gl-380
Gl-338A,Gl-338A
Gl-338A,Gl-338B
Gl-338A,Gl-445
Gl-338B,Gl-268
Gl-338B,GJ-1105
Gl-338B,Gl-412B
Gl-338B,Gl-412A
Gl-338B,Gl-380
Gl-338B,Gl-338A
Gl-338B,Gl-338B
Gl-338B,Gl-445
NN-3421,GJ-1105
NN-3421,NN-3421
NN-3421,NN-3378
Gl-625,NN-3991
Gl-625,Gl-661A
Gl-625,Gl-623
Gl-625,Gl-625
Gl-625,GJ-1227
Gl-625,NN-4053
Gl-625,Gl-687
Gl-625,Gl-764
Gl-625,GJ-1221
Gl-625,Gl-713AB
Gl-53A,Gl-53A
Gl-53A,Gl-892
Gl-53A,Gl-34B
Gl-53A,Gl-34A
Gl-53A,Gl-49
Gl-53A,Gl-51
Gl-53A,Gl-48
Gl-892,GJ-1289
Gl-892,Gl-873
Gl-892,Gl-53A
Gl-892,Gl-892
Gl-892,Gl-860B
Gl-892,Gl-860A
Gl-892,Gl-34B
Gl-892,Gl-34A
Gl-892,Gl-809
Gl-892,Gl-49
Gl-892,Gl-51
Gl-892,Gl-48
Gl-860B,Gl-820B
Gl-860B,Gl-820A
Gl-860B,Gl-15B
Gl-860B,Gl-15A
Gl-860B,Gl-905
Gl-860B,Gl-873
Gl-860B,GJ-1245A
Gl-860B,GJ-1245B
Gl-860B,Gl-892
Gl-860B,Gl-860B
Gl-860B,Gl-860A
Gl-860B,Gl-34B
Gl-860B,Gl-34A
Gl-860B,Gl-725B
Gl-860B,Gl-725A
Gl-860B,Gl-687
Gl-860B,Gl-764
Gl-860A,Gl-820B
Gl-860A,Gl-820A
Gl-860A,Gl-15B
Gl-860A,Gl-15A
Gl-860A,Gl-905
Gl-860A,Gl-873
Gl-860A,GJ-1245A
Gl-860A,GJ-1245B
Gl-860A,Gl-892
Gl-860A,Gl-860B
Gl-860A,Gl-860A
Gl-860A,Gl-34B
Gl-860A,Gl-34A
Gl-860A,Gl-725B
Gl-860A,Gl-725A
Gl-860A,Gl-687
Gl-860A,Gl-764
Gl-34B,Gl-15B
Gl-34B,Gl-15A
Gl-34B,Gl-905
Gl-34B,Gl-873
Gl-34B,Gl-53A
Gl-34B,Gl-892
Gl-34B,Gl-860B
Gl-34B,Gl-860A
Gl-34B,Gl-34B
Gl-34B,Gl-34A
Gl-34B,Gl-169.1A
Gl-34B,Gl-169.1B
Gl-34B,Gl-49
Gl-34A,Gl-15B
Gl-34A,Gl-15A
Gl-34A,Gl-905
Gl-34A,Gl-873
Gl-34A,Gl-53A
Gl-34A,Gl-892
Gl-34A,Gl-860B
Gl-34A,Gl-860A
Gl-34A,Gl-34B
Gl-34A,Gl-34A
Gl-34A,Gl-169.1A
Gl-34A,Gl-169.1B
Gl-34A,Gl-49
Gl-169.1A,Gl-34B
Gl-169.1A,Gl-34A
Gl-169.1A,Gl-169.1A
Gl-169.1A,Gl-169.1B
Gl-169.1A,NN-3378
Gl-169.1B,Gl-34B
Gl-169.1B,Gl-34A
Gl-169.1B,Gl-169.1A
Gl-169.1B,Gl-169.1B
Gl-169.1B,NN-3378
Gl-725B,Gl-699
Gl-725B,Gl-820B
Gl-725B,Gl-820A
Gl-725B,Gl-15B
Gl-725B,Gl-15A
Gl-725B,Gl-905
Gl-725B,GJ-1245A
Gl-725B,GJ-1245B
Gl-725B,Gl-860B
Gl-725B,Gl-860A
Gl-725B,Gl-725B
Gl-725B,Gl-725A
Gl-725B,Gl-687
Gl-725B,Gl-764
Gl-725B,GJ-1221
Gl-725A,Gl-699
Gl-725A,Gl-820B
Gl-725A,Gl-820A
Gl-725A,Gl-15B
Gl-725A,Gl-15A
Gl-725A,Gl-905
Gl-725A,GJ-1245A
Gl-725A,GJ-1245B
Gl-725A,Gl-860B
Gl-725A,Gl-860A
Gl-725A,Gl-725B
Gl-725A,Gl-725A
Gl-725A,Gl-687
Gl-725A,Gl-764
Gl-725A,GJ-1221
NN-3378,NN-3421
NN-3378,Gl-169.1A
NN-3378,Gl-169.1B
NN-3378,NN-3378
GJ-1227,NN-3991
GJ-1227,Gl-623
GJ-1227,Gl-625
GJ-1227,GJ-1227
GJ-1227,Gl-809
GJ-1227,Gl-793
GJ-1227,NN-4053
GJ-1227,Gl-764
GJ-1227,GJ-1221
GJ-1227,Gl-713AB
Gl-809,Gl-892
Gl-809,GJ-1227
Gl-809,Gl-809
Gl-809,Gl-793
Gl-809,NN-4053
Gl-809,Gl-764
Gl-809,GJ-1221
Gl-809,Gl-713AB
Gl-49,Gl-53A
Gl-49,Gl-892
Gl-49,Gl-34B
Gl-49,Gl-34A
Gl-49,Gl-49
Gl-49,Gl-51
Gl-49,Gl-48
Gl-51,Gl-53A
Gl-51,Gl-892
Gl-51,Gl-49
Gl-51,Gl-51
Gl-51,Gl-48
Gl-793,GJ-1227
Gl-793,Gl-809
Gl-793,Gl-793
Gl-793,NN-4053
Gl-793,Gl-764
Gl-793,GJ-1221
Gl-793,Gl-713AB
Gl-424,GJ-1151
Gl-424,Gl-424
Gl-424,Gl-487
Gl-487,GJ-1151
Gl-487,Gl-424
Gl-487,Gl-487
NN-4053,Gl-661A
NN-4053,Gl-623
NN-4053,Gl-625
NN-4053,GJ-1227
NN-4053,Gl-809
NN-4053,Gl-793
NN-4053,NN-4053
NN-4053,Gl-687
NN-4053,Gl-764
NN-4053,GJ-1221
NN-4053,Gl-713AB
Gl-687,GJ-1245A
Gl-687,GJ-1245B
Gl-687,Gl-661A
Gl-687,Gl-625
Gl-687,Gl-860B
Gl-687,Gl-860A
Gl-687,Gl-725B
Gl-687,Gl-725A
Gl-687,NN-4053
Gl-687,Gl-687
Gl-687,Gl-764
Gl-687,GJ-1221
Gl-687,Gl-713AB
Gl-687,Gl-445
Gl-764,GJ-1245A
Gl-764,GJ-1245B
Gl-764,Gl-625
Gl-764,Gl-860B
Gl-764,Gl-860A
Gl-764,Gl-725B
Gl-764,Gl-725A
Gl-764,GJ-1227
Gl-764,Gl-809
Gl-764,Gl-793
Gl-764,NN-4053
Gl-764,Gl-687
Gl-764,Gl-764
Gl-764,GJ-1221
Gl-764,Gl-713AB
Gl-764,Gl-445
GJ-1221,Gl-661A
GJ-1221,Gl-625
GJ-1221,Gl-725B
GJ-1221,Gl-725A
GJ-1221,GJ-1227
GJ-1221,Gl-809
GJ-1221,Gl-793
GJ-1221,NN-4053
GJ-1221,Gl-687
GJ-1221,Gl-764
GJ-1221,GJ-1221
GJ-1221,Gl-713AB
GJ-1221,Gl-445
Gl-48,Gl-53A
Gl-48,Gl-892
Gl-48,Gl-49
Gl-48,Gl-51
Gl-48,Gl-48
Gl-713AB,Gl-625
Gl-713AB,GJ-1227
Gl-713AB,Gl-809
Gl-713AB,Gl-793
Gl-713AB,NN-4053
Gl-713AB,Gl-687
Gl-713AB,Gl-764
Gl-713AB,GJ-1221
Gl-713AB,Gl-713AB
Gl-445,Gl-380
Gl-445,Gl-338A
Gl-445,Gl-338B
Gl-445,Gl-687
Gl-445,Gl-764
Gl-445,GJ-1221
Gl-445,Gl-445
